Id,P_SalePrice,SalePrice,Squared Error,,,
1,206307.736,208500,4806021.446,,Avg," 179,506.88 "
2,179044.5328,181500,6029319.17,,MSE," 506,859,341.90 "
3,217258.4337,223500,38957149.88,,SSE," 740,014,639,177.17 "
4,161547.6322,140000,464300453.4,,,
5,272594.2471,250000,510500002,,,1460
6,154557.55,143000,133576962,,," 506,859,341.90 "
7,284747.1045,307000,495191358.1,,," 740,014,639,177.17 "
8,209820.2653,200000,96437610.56,,,
9,115376.9742,129900,210918278.4,,,
10,121323.7398,118000,11047246.26,,,
11,129401.1647,129500,9768.416526,,,
12,360638.1389,345000,244551388.3,,,
13,136431.7928,144000,57277760.22,,,
14,227231.5072,279500,2731995340,,,
15,151023.962,157000,35713030.18,,,
16,126040.6761,132000,35513541.35,,,
17,153891.1884,149000,23923723.96,,,
18,101701.4283,90000,136923424.3,,,
19,156552.1921,159000,5991763.515,,,
20,117478.6938,139000,463166620.6,,,
21,329266.4501,325300,15732726.4,,,
22,130798.8128,139400,73980421.25,,,
23,234770.4725,230000,22757407.87,,,
24,143784.1993,129900,192770990.2,,,
25,150072.0465,154000,15428818.7,,,
26,251996.3393,256300,18521495.42,,,
27,134109.1877,134800,477221.6338,,,
28,300757.7794,306000,27480876.82,,,
29,198709.3167,207500,77276112.88,,,
30,64420.20774,68500,16644704.88,,,
31,66753.1976,40000,715733581.8,,,
32,142409.7552,149350,48166997.88,,,
33,199391.4683,179900,379917336.5,,,
34,173361.2773,165500,61799680.79,,,
35,273674.9093,277500,14631318.86,,,
36,319301.5529,309000,106121992.2,,,
37,152391.229,145000,54630266.13,,,
38,159270.5474,153000,39319764.7,,,
39,128402.7633,109000,376467223.7,,,
40,80497.81853,82000,2256549.169,,,
41,144622.409,160000,236470305,,,
42,163105.5514,170000,47533421.5,,,
43,152543.0693,144000,72984033.06,,,
44,134687.4478,130250,19690942.98,,,
45,135865.9177,141000,26358801.06,,,
46,281408.7993,319900,1481572531,,,
47,263692.3149,239686,576303155.1,,,
48,253591.9437,249700,15147225.76,,,
49,102596.5633,113000,108231495.2,,,
50,128836.4009,127000,3372368.266,,,
51,179840.969,177000,8071104.859,,,
52,112825.7809,114500,2803009.595,,,
53,96831.75813,110000,173402593.9,,,
54,317457.1168,385000,4562041071,,,
55,123474.3165,130000,42584545.14,,,
56,164921.0891,180500,242702464.8,,,
57,191403.5582,172500,357344512.6,,,
58,198209.5622,196500,2922602.916,,,
59,407495.6453,438780,978710849,,,
60,120195.5213,124900,22132119.84,,,
61,164326.584,158000,40025665.11,,,
62,97069.64372,101000,15447700.49,,,
63,212129.8657,202500,92734313.4,,,
64,131408.2883,140000,73817509.94,,,
65,219448.6592,219500,2635.877745,,,
66,312341.8196,317000,21698644.64,,,
67,209749.2218,180000,885016197.7,,,
68,216880.6434,226000,83162664.8,,,
69,83187.25828,80000,10158615.34,,,
70,225343.9557,225000,118305.5236,,,
71,265777.9503,244000,474279119.3,,,
72,124284.4808,129500,27201640.53,,,
73,195316.9218,185000,106438875.4,,,
74,139075.7008,144900,33922461.17,,,
75,114540.5584,107400,50987574.26,,,
76,93078.48734,91000,4320109.623,,,
77,122310.252,135750,180626826.3,,,
78,116708.6269,127000,105912360.3,,,
79,115300.7158,136500,449409650.6,,,
80,116047.0928,110000,36567331.33,,,
81,201986.5718,193500,72021900.92,,,
82,174251.5832,153500,430628205.3,,,
83,246480.6795,245000,2192411.782,,,
84,126775.5625,126500,75934.69141,,,
85,164634.3661,168500,14943125.45,,,
86,260158.3297,260000,25068.2939,,,
87,191425.5072,174000,303648301.2,,,
88,163248.2212,164500,1566950.164,,,
89,78056.53627,85000,48211688.57,,,
90,126040.773,123600,5957372.838,,,
91,106713.615,109900,10153049.37,,,
92,128281.3478,98600,880982407.2,,,
93,153162.3311,163500,106867398.3,,,
94,143021.0629,133900,83193788.43,,,
95,200326.6448,204750,19566071.23,,,
96,193116.5647,185000,65878622.53,,,
97,217476.8236,214000,12088302.35,,,
98,115811.4323,94750,443583930.5,,,
99,75495.10435,83000,56323458.72,,,
100,121592.8822,128950,54127182.32,,,
101,209775.4973,205000,22805374.46,,,
102,174544.7921,178000,11938461.63,,,
103,110064.8033,118964,79195701.91,,,
104,194289.2121,198900,21259365.06,,,
105,161675.0214,169500,61230290.09,,,
106,264759.0641,250000,217829973.1,,,
107,99213.33062,100000,618848.7134,,,
108,94188.74614,115000,433108287.2,,,
109,120752.4749,115000,33090967.48,,,
110,202208.5683,190000,149049139.9,,,
111,143343.3164,136900,41516326.23,,,
112,177245.0806,180000,7589580.9,,,
113,377036.7897,383970,48069405.06,,,
114,210871.3511,217000,37560337.34,,,
115,241409.8924,259500,327251993,,,
116,168817.3153,176000,51590959.5,,,
117,121455.5164,139000,307808904.8,,,
118,144411.9206,155000,112107425.4,,,
119,321534.3887,320000,2354348.683,,,
120,178496.5666,163990,210440474.5,,,
121,173440.0243,180000,43033281.18,,,
122,100614.7895,100000,377966.1293,,,
123,139556.8277,136000,12651023.29,,,
124,167313.4704,153900,179921188.2,,,
125,171500.6512,181000,90237627.62,,,
126,80183.10904,84500,18635547.56,,,
127,132291.079,128000,18413358.98,,,
128,90895.66341,87000,15176193.4,,,
129,140556.5022,155000,208614628.7,,,
130,143545.8774,150000,41655698.54,,,
131,218973.1553,226000,49376546.44,,,
132,217632.8041,244000,695229019.6,,,
133,152642.2439,150750,3580586.977,,,
134,208326.9327,220000,136260500.2,,,
135,168116.2352,180000,141223865.8,,,
136,181088.6103,174000,50248395.99,,,
137,143987.7528,143000,975655.5939,,,
138,168927.9582,171000,4293357.221,,,
139,253315.4691,230000,543611099.4,,,
140,206333.6657,231500,633344382.1,,,
141,98573.30434,115000,269836330.3,,,
142,247694.5752,260000,151423479.5,,,
143,128053.4603,166000,1439939875,,,
144,216700.4511,204000,161301458.1,,,
145,136760.4715,125000,138308689.9,,,
146,138124.3084,130000,66004386.98,,,
147,100045.1874,105000,24550167.9,,,
148,226054.6998,222500,12635890.67,,,
149,142632.1511,141000,2663917.213,,,
150,113307.7553,115000,2863692.125,,,
151,138084.7737,122000,258719945,,,
152,330183.9892,372402,1782360436,,,
153,195288.4992,190000,27968223.79,,,
154,196367.8684,235000,1492441592,,,
155,106662.5669,125000,336261452.7,,,
156,73877.36598,79000,26241379.3,,,
157,117845.8699,109500,69653544.39,,,
158,278037.7625,269500,72893388.51,,,
159,236669.0226,254900,332368537,,,
160,298564.4191,320000,459484128.5,,,
161,162572.876,162500,5310.911376,,,
162,405620.7495,412500,47324087.44,,,
163,227876.8508,220000,62044778.53,,,
164,97199.36335,103200,36007640.21,,,
165,160230.3337,152000,67738392.81,,,
166,121932.2718,127500,30999597.31,,,
167,226370.7437,190000,1322830997,,,
168,351817.9511,325624,686123074.2,,,
169,198045.6881,183500,211577042.3,,,
170,238683.3786,228000,114134578.3,,,
171,121679.2676,128500,46522390.47,,,
172,197387.1311,215000,310213150.9,,,
173,216025.0274,239000,527849366,,,
174,155317.9722,163000,59013551.12,,,
175,177389.1729,184000,43703034.95,,,
176,220236.4068,243000,518181175.4,,,
177,213620.9628,211000,6869445.999,,,
178,193185.5263,172500,427890998.3,,,
179,401332.9407,501837,10101065936,,,
180,119666.6428,100000,386776839,,,
181,181088.8622,177000,16718794.09,,,
182,168779.3762,200100,980981475.2,,,
183,130635.7229,120000,113118601.6,,,
184,171309.2456,200000,823159388,,,
185,121878.976,127000,26224886.81,,,
186,364454.5672,475000,12220292713,,,
187,185032.5527,173000,144782324.5,,,
188,125698.2609,135000,86522350.28,,,
189,140492.0256,153337,164993367.3,,,
190,262149.3712,286000,568852494.2,,,
191,278901.9271,315000,1303070867,,,
192,168678.2626,184000,234755637,,,
193,201394.5663,192000,88257875.97,,,
194,140526.1349,130000,110799515.9,,,
195,126098.5275,127000,812652.6683,,,
196,145652.9005,148500,8105975.563,,,
197,329127.6575,311872,297757715.8,,,
198,241455.0424,235000,41667572.39,,,
199,117862.0276,104000,192155809.2,,,
200,320519.3542,274900,2081125478,,,
201,136154.9971,140000,14784047.3,,,
202,170931.0637,171500,323688.5135,,,
203,113292.1737,112000,1669712.871,,,
204,147270.5754,149000,2990909.447,,,
205,112389.9406,110000,5711816.072,,,
206,170641.9035,180500,97182066.6,,,
207,136246.8658,143900,58570463.08,,,
208,124232.2389,141000,281157812.3,,,
209,264438.3874,277000,157794111.1,,,
210,150632.7775,145000,31728182.36,,,
211,90224.47921,98000,60458723.56,,,
212,176013.5184,186000,99729814.75,,,
213,240794.518,252678,141217144.4,,,
214,160799.9611,156000,23039626.56,,,
215,151152.1364,161750,112314712.9,,,
216,132608.5154,134450,3391065.532,,,
217,207963.5312,210000,4147205.173,,,
218,92950.63047,107000,197384784.2,,,
219,237671.1574,311500,5450698000,,,
220,168457.0811,167240,1481286.404,,,
221,203772.5084,204900,1271237.308,,,
222,210899.2408,200000,118793450,,,
223,170596.1118,179900,86562335.64,,,
224,108892.5041,97000,141431653.8,,,
225,383264.1495,386250,8915303.208,,,
226,100403.9745,112000,134467807.4,,,
227,260834.2363,290000,850641772.2,,,
228,93903.79442,106000,146318189.4,,,
229,114814.0968,125000,103752624,,,
230,190859.497,192500,2691250.093,,,
231,135091.7136,148000,166623857.8,,,
232,359932.908,403000,1854774413,,,
233,92581.57112,94500,3680369.368,,,
234,130484.7588,128200,5220122.774,,,
235,228997.5209,216500,156188028.6,,,
236,93047.75521,89500,12586567.03,,,
237,186311.7861,185500,658996.6722,,,
238,214238.3775,194500,389603546.3,,,
239,275809.9286,318000,1780002125,,,
240,121122.9268,113000,65981939.8,,,
241,257872.268,262500,21415903.46,,,
242,90892.53856,110500,384452544.1,,,
243,94831.37506,79000,250632436.3,,,
244,129300.9319,120000,86507334.21,,,
245,241173.7526,205000,1308540377,,,
246,216358.6447,241500,632087746.3,,,
247,131399.536,137000,31365197.02,,,
248,147699.8057,140000,59287007.82,,,
249,193736.3754,180000,188688009.1,,,
250,281870.3768,277000,23720570.17,,,
251,84251.98671,76500,60093297.95,,,
252,261706.3532,235000,713229301.2,,,
253,179164.7094,173000,38003641.99,,,
254,161270.4442,158000,10695805.27,,,
255,142337.2822,145000,7090066.082,,,
256,229172.4632,230000,684817.1554,,,
257,210012.2994,207500,6311648.275,,,
258,222691.1065,220000,7242054.194,,,
259,219727.2066,231500,138598664.4,,,
260,90353.47132,97000,44176343.49,,,
261,171527.4732,176000,20003495.98,,,
262,332703.3471,276000,3215269572,,,
263,158546.269,151000,56946175.82,,,
264,128801.8296,130000,1435612.307,,,
265,70891.81876,73000,4444428.141,,,
266,187976.5356,175500,155663940.6,,,
267,189086.2268,185000,16697249.46,,,
268,185373.5834,179500,34498981.96,,,
269,110697.3135,120500,96092662.62,,,
270,153592.0812,148000,31271372.15,,,
271,263760.9629,266000,5013287.135,,,
272,210083.9945,241500,986965401.6,,,
273,306169.0423,290000,261437928.9,,,
274,159384.9977,139000,415548131.2,,,
275,131030.0703,124500,42641818.12,,,
276,165641.6125,205000,1549082667,,,
277,204024.9766,201000,9150483.431,,,
278,111444.0454,141000,873554452.3,,,
279,377182.3086,415298,1452805931,,,
280,202183.4604,192000,103702865.7,,,
281,228049.1242,228500,203288.987,,,
282,189671.4349,185000,21822304.02,,,
283,212097.648,207500,21138367.13,,,
284,236849.7847,244600,60065837.2,,,
285,178844.0994,179200,126665.2371,,,
286,162825.0549,164700,3515419.128,,,
287,182904.4768,159000,571424011.1,,,
288,101793.0533,88000,190248319.3,,,
289,113606.085,122000,70457809.03,,,
290,137806.0384,153575,248660149.9,,,
291,251145.452,233230,320963420.4,,,
292,106783.9558,135900,847744029.9,,,
293,139957.2235,131000,80231852.83,,,
294,232275.1862,235000,7424610.245,,,
295,179294.1378,167000,151145824.2,,,
296,157558.71,142500,226764746.9,,,
297,141251.0331,152000,115540289.4,,,
298,246568.9128,239000,57288440.97,,,
299,184802.8166,175000,96095213.29,,,
300,147580.6995,158500,119231123.4,,,
301,158943.9919,157000,3779104.507,,,
302,259842.9072,267000,51223977.35,,,
303,221582.0092,205000,274963029.1,,,
304,133697.9139,149900,262507594,,,
305,282361.1455,295000,159740643.1,,,
306,294193.3585,305900,137045455.2,,,
307,238050.1969,225000,170307639.1,,,
308,108991.275,89500,379909801.1,,,
309,104677.9829,82500,491862925.5,,,
310,372527.1366,360000,156929151.4,,,
311,179108.6103,165600,182482552.2,,,
312,134243.7516,132000,5034421.243,,,
313,133839.06,119900,194297393.7,,,
314,270841.7052,375000,10848950376,,,
315,172593.6895,178000,29228193.22,,,
316,190144.4106,188500,2704086.221,,,
317,282176.8303,260000,491811802.2,,,
318,266824.0592,270000,10086599.97,,,
319,303125.5196,260000,1859810441,,,
320,198929.4011,187500,130631209.5,,,
321,328355.5678,342643,204130718.9,,,
322,351385.9541,354000,6833235.967,,,
323,292391.5233,301000,74105871.09,,,
324,142260.6405,126175,258747830.3,,,
325,278928.151,242000,1363688336,,,
326,87134.59848,87000,18116.75082,,,
327,289016.528,324000,1223843313,,,
328,148310.2083,145250,9364874.839,,,
329,166916.2148,214500,2264216614,,,
330,77889.48047,78000,12214.56651,,,
331,139790.828,119000,432258528.9,,,
332,134174.209,139000,23288258.78,,,
333,288410.4223,284000,19451824.86,,,
334,207868.4467,207000,754199.6707,,,
335,206398.6808,192000,207322008.8,,,
336,232491.7992,228950,12544341.57,,,
337,330001.5809,377426,2249075527,,,
338,214086.6695,214000,7511.60223,,,
339,220030.43,202500,307315976,,,
340,145622.107,155000,87944877.12,,,
341,212136.989,202900,85321965.79,,,
342,75028.05044,82000,48608080.67,,,
343,93656.76925,87500,37905807.6,,,
344,275914.7707,266000,98302678.03,,,
345,92757.40912,85000,60177396.26,,,
346,127891.5109,140200,151498903.9,,,
347,142201.3165,151500,86465514.83,,,
348,181249.6224,157500,564044564.1,,,
349,181994.7656,154000,783706901,,,
350,439282.7198,437154,4531447.987,,,
351,285041.5235,318061,1090285828,,,
352,187294.439,190000,7320060.325,,,
353,81716.12341,95000,176461377.3,,,
354,102745.2207,105900,9952632.432,,,
355,149799.8098,140000,96036272.12,,,
356,179450.2452,177500,3803456.34,,,
357,173167.4602,173000,28042.91858,,,
358,138355.2437,134000,18968147.69,,,
359,119076.0102,130000,119333553.2,,,
360,279807.0843,280000,37216.46731,,,
361,162166.6811,156000,38027955.79,,,
362,139122.3576,145000,34546680.18,,,
363,195762.8738,198500,7491859.835,,,
364,107045.2158,118000,120007296.9,,,
365,183923.5159,190000,36923659.02,,,
366,125027.8997,147000,482773191.6,,,
367,170004.1112,159000,121090463.3,,,
368,156523.4683,165000,71851589.66,,,
369,137015.789,132000,25158139.29,,,
370,176058.4806,162000,197640876.8,,,
371,183118.8675,172400,114894120.5,,,
372,120358.4345,134432,198065245.9,,,
373,121569.1636,125000,11770638.4,,,
374,121020.6978,123000,3917637.199,,,
375,211273.4684,219500,67675822.17,,,
376,66520.94882,61000,30480875.87,,,
377,156136.7382,148000,66206508.54,,,
378,297041.5882,340000,1845425144,,,
379,343444.6189,394432,2599713031,,,
380,179399.5125,179000,159610.2377,,,
381,153841.0078,127000,720439699.7,,,
382,202255.9625,187750,210422948.1,,,
383,206841.9189,213500,44330043.93,,,
384,88756.15273,76000,162719432.5,,,
385,243459.5548,240000,11968519.41,,,
386,187650.9452,192000,18914277.65,,,
387,81615.51673,81000,378860.8449,,,
388,134618.3431,125000,92512523.99,,,
389,199782.8142,191000,77137825.27,,,
390,393255.7817,426000,1072183832,,,
391,128231.0075,119000,85211499.47,,,
392,230591.6099,215000,243098299.3,,,
393,99470.69035,106500,49411194.16,,,
394,82494.53385,100000,306441345.1,,,
395,110201.0355,109000,1442486.272,,,
396,131885.8529,129000,8328146.96,,,
397,128376.6112,123000,28907948,,,
398,152311.7052,169500,295437478.1,,,
399,78256.79967,67000,126715538.8,,,
400,216063.4898,241000,621829541,,,
401,242368.2742,245500,9807706.486,,,
402,190134.3167,164990,632236662.3,,,
403,100631.1069,108000,54300585.52,,,
404,232258.4744,258000,662626140.2,,,
405,174103.3078,168000,37250366.1,,,
406,147846.3213,150000,4638331.943,,,
407,117330.6577,115000,5431965.315,,,
408,165892.005,177000,123387552.9,,,
409,281156.8654,280000,1338337.554,,,
410,332993.811,339750,45646089.8,,,
411,85537.12903,60000,652144959.1,,,
412,136224.1349,145000,77015808.25,,,
413,253033.9139,222000,963103812,,,
414,110774.0978,115000,17858249.4,,,
415,252967.5079,228000,623376450.7,,,
416,192387.5447,181134,126642268.3,,,
417,155030.6089,149500,30587634.8,,,
418,225136.9228,239000,192184909.5,,,
419,107835.7917,126000,329938463.2,,,
420,136264.0536,142000,32901081.1,,,
421,204234.4128,206300,4266650.481,,,
422,215169.5664,215000,28752.76401,,,
423,123202.1413,113000,104083687.1,,,
424,308227.9149,315000,45861136.6,,,
425,139371.0317,139000,137664.5224,,,
426,136847.7455,135000,3414163.433,,,
427,257249.3322,275000,315086207.3,,,
428,115476.2558,109008,41838333.09,,,
429,192598.3973,195400,7848977.689,,,
430,191299.1271,175000,265661544.2,,,
431,86113.24632,85400,508720.313,,,
432,93250.44013,79900,178234251.7,,,
433,120773.811,122500,2979728.464,,,
434,180697.3118,181000,91620.14642,,,
435,82755.01151,81000,3080065.4,,,
436,221668.4943,212000,93479782.03,,,
437,115628.9682,116000,137664.5966,,,
438,115036.9258,119000,15705957.11,,,
439,96467.75096,90350,37426876.81,,,
440,125182.4714,110000,230507437.8,,,
441,478217.9025,555000,5895490496,,,
442,108652.0272,118000,87384595.47,,,
443,148655.6745,162900,202900808.9,,,
444,191480.8496,172500,360272651.5,,,
445,218939.2108,210000,79909489.73,,,
446,155454.4552,127500,781451565.5,,,
447,184759.7171,190000,27460564.87,,,
448,210424.6288,199900,110767811.4,,,
449,128238.584,119500,76362850.33,,,
450,132305.1865,120000,151417614.8,,,
451,104453.3614,110000,30765199.76,,,
452,228465.354,280000,2655819738,,,
453,206441.5548,204000,5961189.841,,,
454,212416.4543,210000,5839251.384,,,
455,157768.041,188000,913971345,,,
456,169373.0346,175500,37539705.01,,,
457,88834.51966,98000,84006029.86,,,
458,215980.5,256000,1601560380,,,
459,157478.5964,161000,12400283.31,,,
460,112472.9601,110000,6115531.656,,,
461,245021.8432,263435,339044343.3,,,
462,130374.4449,155000,606417964,,,
463,99064.96383,62383,1345566470,,,
464,179877.7421,188700,77832234.45,,,
465,125510.1438,124000,2280534.297,,,
466,176344.048,178740,5740585.986,,,
467,164326.2364,167000,7149011.789,,,
468,156957.7726,146500,109365007.8,,,
469,249551.1584,250000,201458.7819,,,
470,184026.644,187000,8840845.903,,,
471,206027.0789,212000,35675786.47,,,
472,193749.2849,190000,14057137.26,,,
473,139536.1995,148000,71635918.9,,,
474,367374.9527,440000,5274397495,,,
475,241449.8241,251000,91205859.72,,,
476,139845.6526,132500,53958612.12,,,
477,210715.4329,208900,3295796.614,,,
478,363543.6768,380000,270810573.3,,,
479,316515.9783,297000,380873409,,,
480,112287.7859,89471,520605718.8,,,
481,331827.1675,326000,33955881.07,,,
482,355344.5789,374000,348024736.4,,,
483,155352.0054,155000,123907.8016,,,
484,159400.871,164000,21151987.56,,,
485,134423.9753,132500,3701680.955,,,
486,154261.5881,147000,52730661.73,,,
487,150933.5204,156000,25669215.54,,,
488,189701.0356,175000,216120447.7,,,
489,117229.3638,160000,1829327321,,,
490,92275.7508,86000,39385048.1,,,
491,116794.9204,115000,3221739.242,,,
492,150303.294,133000,299403983.3,,,
493,172767.2626,172785,314.6153588,,,
494,149288.0973,155000,32625832.45,,,
495,93120.76107,91300,3315170.874,,,
496,55612.35022,34900,429001451.6,,,
497,374427.4389,430000,3088309547,,,
498,163194.0765,184000,432886452.7,,,
499,130458.9776,130000,210660.4373,,,
500,123105.0961,120000,9641621.79,,,
501,111702.7665,113000,1682814.754,,,
502,215206.8078,226700,132093466.9,,,
503,140154.4523,140000,23855.51298,,,
504,253298.6549,289000,1274586042,,,
505,143130.6629,147000,14971769.59,,,
506,126857.4384,124500,5557515.81,,,
507,225758.0454,215000,115735540.8,,,
508,196970.2947,208300,128362222.2,,,
509,150773.303,161000,104585331.5,,,
510,136018.6788,124500,132679961.3,,,
511,154350.7651,164900,111286357,,,
512,196055.486,202665,43685675.32,,,
513,117142.3212,129900,162758368.4,,,
514,136490.2257,134000,6201224.037,,,
515,91718.75973,96500,22860258.52,,,
516,382484.6018,402861,415197603.6,,,
517,177446,158000,378146916,,,
518,256089.8468,265000,79390830.05,,,
519,208138.2176,211000,8189798.505,,,
520,224814.8766,234000,84366491.87,,,
521,94074.19365,106250,148250260.3,,,
522,149308.2442,150000,478526.0868,,,
523,154793.1698,159000,17697420.33,,,
524,453014.8995,184750,71966056304,,,
525,287015.0611,315750,825696713.6,,,
526,192145.9802,176000,260692676.6,,,
527,135261.8909,132000,10639932.24,,,
528,425138.9094,446261,446142711.3,,,
529,88915.40123,86000,8499564.332,,,
530,220543.3013,200624,396778564.3,,,
531,180569.5866,175000,31020294.89,,,
532,120000.1538,128000,63997539.22,,,
533,97909.35753,107500,91980422.99,,,
534,46076.70295,39300,45923702.87,,,
535,199541.8002,178000,464049155.9,,,
536,132580.2127,107500,629017069.1,,,
537,198635.0642,188000,113104590.5,,,
538,120182.6637,111250,79792480.78,,,
539,146642.6672,158000,128989008.3,,,
540,251293.941,272000,428740879.3,,,
541,322772.6595,315000,60414235.7,,,
542,247860.1893,248000,19547.03183,,,
543,208492.4747,213250,22634046.98,,,
544,128593.7406,133000,19415121.9,,,
545,208526.5871,179665,832991209.9,,,
546,247051.6851,229000,325863334.9,,,
547,167485.6964,210000,1807466011,,,
548,130876.1336,129500,1893743.685,,,
549,120478.0992,125000,20447586.85,,,
550,239653.2936,263000,545068699.7,,,
551,137933.8356,140000,4269035.328,,,
552,112400.1265,112500,9974.716002,,,
553,270102.3719,255500,213229265.1,,,
554,112190.467,108000,17560013.68,,,
555,273625.0381,284000,107639834.4,,,
556,108997.9871,113000,16016107.25,,,
557,147990.6316,141000,48868930.17,,,
558,102912.2091,108000,25885616.24,,,
559,202734.7,175000,769213584.1,,,
560,198291.088,234000,1275126396,,,
561,162156.8733,121500,1652981347,,,
562,171081.7494,170000,1170181.764,,,
563,116437.47,108000,71190900,,,
564,181843.7531,185000,9961894.494,,,
565,262432.3243,268000,30999012.7,,,
566,120978.3521,128000,49303539.23,,,
567,303562.1351,325000,459582051.5,,,
568,205413.8154,214000,73722565.99,,,
569,306316.2866,316600,105754761.3,,,
570,150998.3931,135960,226153267,,,
571,149297.863,142600,44861368.77,,,
572,112723.2432,120000,52951189.53,,,
573,216261.1241,224500,67879076.1,,,
574,171320.6619,170000,1744147.854,,,
575,119576.5853,139000,377269038.6,,,
576,117293.8523,118500,1454792.274,,,
577,147724.2382,145000,7421473.77,,,
578,156939.8245,164500,57156253.59,,,
579,155708.2006,146000,94249158.89,,,
580,124392.8764,131500,50511205.87,,,
581,187219.8389,181900,28300685.92,,,
582,327062.1931,253293,5441893851,,,
583,116230.9491,118500,5148591.987,,,
584,271619.8736,325000,2849437894,,,
585,132558.9244,133000,194547.6849,,,
586,349377.1547,369900,421187179.2,,,
587,118396.5768,130000,134639430,,,
588,131612.4963,137000,29025196.12,,,
589,211581.8687,143000,4703472714,,,
590,89536.73561,79500,100736061.7,,,
591,190187.9831,185900,18386799.07,,,
592,405555.8115,451950,2152420727,,,
593,137273.1502,138000,528310.6318,,,
594,142487.1203,140000,6185767.387,,,
595,120291.0375,110000,105905452.8,,,
596,315531.9769,319000,12027184.22,,,
597,103170.6622,114504,128444545.7,,,
598,197983.9026,194201,14310352.08,,,
599,206217.0181,217500,127305680.6,,,
600,153284.1078,151000,5217148.442,,,
601,277569.0067,275000,6599795.425,,,
602,135790.1398,141000,27142643.3,,,
603,220779.1275,220000,607039.6613,,,
604,152724.1223,151000,2972597.705,,,
605,222471.803,221000,2166204.071,,,
606,211345.1153,205000,40260488.17,,,
607,157949.0847,152000,35391608.77,,,
608,192921.6918,225000,1029017857,,,
609,313695.6224,359100,2061557505,,,
610,108472.45,118500,100551759,,,
611,317405.2936,313000,19406611.7,,,
612,151131.9719,148000,9809247.982,,,
613,268464.592,261500,48505541.73,,,
614,129956.681,147000,290474722.5,,,
615,80339.73661,75500,23423050.45,,,
616,143013.661,137500,30400457.62,,,
617,193811.0997,183200,112595436.8,,,
618,115456.7229,105500,99136330.91,,,
619,307839.1142,314813,48635083.15,,,
620,316357.5938,305000,128994936.9,,,
621,80293.24404,67000,176710337.1,,,
622,243181.1376,240000,10119636.43,,,
623,130849.5045,135000,17226612.9,,,
624,182108.0605,168500,185179310.6,,,
625,169075.6368,165150,15410624.29,,,
626,148103.8375,160000,141518682.2,,,
627,129288.7408,139900,112598821.8,,,
628,160941.5181,153000,63067709.73,,,
629,182279.3297,135000,2235335017,,,
630,160174.2698,168500,69317783.36,,,
631,114872.2276,124000,83316228.99,,,
632,220335.9264,209500,117417300.9,,,
633,150679.44,82500,4648436039,,,
634,143155.1892,139400,14101445.93,,,
635,127997.8122,144000,256070014.4,,,
636,189258.3444,200000,115383165,,,
637,56553.68391,60000,11877094.59,,,
638,110977.7707,93000,323200239.3,,,
639,93140.49674,85000,66267687.17,,,
640,267766.901,264561,10277801.22,,,
641,287146.3569,274000,172826699.7,,,
642,242179.42,226000,261773631.5,,,
643,378286.6268,345000,1107999524,,,
644,141599.5518,152000,108169322.8,,,
645,339093.3754,370878,1010262361,,,
646,137098.73,143250,37838122.61,,,
647,100941.4396,98300,6977203.16,,,
648,153512.3774,155000,2213021,,,
649,150711.1332,155000,18394378.43,,,
650,79752.86381,84500,22535302.01,,,
651,212122.0455,205950,38094145.65,,,
652,115921.6186,108000,62752041.24,,,
653,193528.9018,191000,6395344.314,,,
654,140569.8314,135000,31023021.82,,,
655,339928.4016,350000,101437094.3,,,
656,85085.44627,88000,8494623.445,,,
657,153160.9668,145500,58690412.31,,,
658,146784.1568,149000,4909961.087,,,
659,119288.3625,97500,474732740.4,,,
660,167626.178,167000,392098.8877,,,
661,206887.7701,197900,80780011.37,,,
662,396437.8018,402000,30938048.82,,,
663,132008.1506,110000,484358692.8,,,
664,140761.2268,137500,10635600.24,,,
665,384877.4522,423000,1453328651,,,
666,235730.9158,230500,27362480.11,,,
667,145263.8171,129000,264511746.7,,,
668,202302.2072,193500,77478851.59,,,
669,161132.6475,168000,47160530.36,,,
670,125995.3435,137500,132357121.2,,,
671,179166.0547,173500,32104175.86,,,
672,108292.5832,103600,22020337.09,,,
673,172462.1609,165000,55683845.3,,,
674,254132.8762,257500,11337522.68,,,
675,147669.338,140000,58818745.36,,,
676,145848.961,148500,7028007.78,,,
677,89598.95097,87000,6754546.144,,,
678,112128.7402,109500,6910275.039,,,
679,318571.076,372500,2908328844,,,
680,131667.363,128500,10032188.37,,,
681,125920.8443,143000,291697559.4,,,
682,129468.9848,159434,897902135.9,,,
683,180613.3972,173000,57963816.92,,,
684,267906.7049,285000,292180737.4,,,
685,201634.3406,221000,375028764,,,
686,210551.5539,207500,9311981.205,,,
687,229759.5401,227875,3551491.389,,,
688,158574.9222,148800,95549104.02,,,
689,250000.9708,392000,20163724294,,,
690,196616.2569,194700,3672040.507,,,
691,151446.9384,141000,109138521.9,,,
692,577963.2617,755000,31342006708,,,
693,316502.4824,335000,342158157.4,,,
694,106853.3645,108480,2645943.05,,,
695,127233.1396,141500,203543305.7,,,
696,177142.6398,176000,1305625.713,,,
697,85218.32698,89000,14301050.83,,,
698,135740.2748,123500,149824327.2,,,
699,135700.7343,138500,7835888.459,,,
700,195595.8399,196000,163345.3864,,,
701,316662.6358,312500,17327536.8,,,
702,145541.5747,140000,30709050.16,,,
703,335246.1873,361919,711438937.3,,,
704,125042.7194,140000,223720242.9,,,
705,211634.8589,213000,1863610.223,,,
706,63662.49051,55000,75038741.84,,,
707,282952.1674,302000,362819926.8,,,
708,230751.8948,254000,540474395.4,,,
709,190728.3004,179540,125178065.8,,,
710,107612.5827,109900,5232277.904,,,
711,72270.19206,52000,410880686.1,,,
712,103688.8193,102776,833239.0745,,,
713,192663.7855,189000,13423324.19,,,
714,109431.0481,129000,382943878.5,,,
715,177433.1797,130500,2202723357,,,
716,154708.4769,165000,105915447.7,,,
717,173354.7007,159500,191952731.5,,,
718,164453.5951,157000,55556079.91,,,
719,310091.8213,341000,955315510.6,,,
720,132435.1798,128500,15485640.06,,,
721,262361.6427,275000,159728075.2,,,
722,141302.2442,143000,2882374.756,,,
723,120556.8081,124500,15548762.36,,,
724,138357.9019,135000,11275505.17,,,
725,302560.8205,320000,304124981.6,,,
726,115363.6985,120500,26381593.1,,,
727,226909.0923,222000,24099187.21,,,
728,193902.7013,194500,356765.737,,,
729,139182.1832,110000,851599816.3,,,
730,103892.4283,103000,796428.2706,,,
731,227045.4752,236500,89388039.19,,,
732,193582.984,187500,37002694.34,,,
733,233737.5505,222500,126282541.2,,,
734,130719.725,131400,462774.0756,,,
735,107023.522,108000,953509.2845,,,
736,161665.8782,163000,1779880.977,,,
737,93903.35751,93500,162697.2809,,,
738,244503.7784,239900,21194775.56,,,
739,157043.0438,179000,482107925.6,,,
740,197450.5358,190000,55510483.71,,,
741,123169.3176,132000,77980951.65,,,
742,133609.6829,142000,70397421.04,,,
743,171714.4771,179000,53078843.93,,,
744,163071.7265,175000,142283708.7,,,
745,201030.9741,180000,442301871.6,,,
746,297706.4202,299800,4383076.379,,,
747,239923.5599,236000,15394322.29,,,
748,241410.3341,265979,603619344.1,,,
749,236473.5609,260400,572474488,,,
750,92106.1981,98000,34736900.84,,,
751,87470.21551,96500,81537007.94,,,
752,157332.7704,162000,21783032.14,,,
753,200145.1082,217000,284087377.6,,,
754,278815.0262,275500,10989398.71,,,
755,155338.456,156000,437640.4639,,,
756,161450.2296,172500,122097425.9,,,
757,220325.6636,212000,69316674.38,,,
758,154606.9206,158900,18430530.73,,,
759,160865.0708,179400,343543600.4,,,
760,286504.0324,290000,12221789.46,,,
761,121042.4302,127500,41700207.72,,,
762,104222.7384,100000,17831519.59,,,
763,203983.6253,215200,125807061.4,,,
764,309340.267,337000,765060829.6,,,
765,264077.8006,270000,35072445.73,,,
766,245997.9946,264132,328842151.8,,,
767,192845.8111,196500,13353096.52,,,
768,164749.3388,160000,22556219.04,,,
769,232180.9392,216837,235436470.2,,,
770,511609.6051,538000,696452943,,,
771,135841.9858,134900,887337.2474,,,
772,118856.9776,102000,284157693.8,,,
773,126174.4949,107000,367661254.7,,,
774,116849.2513,114500,5518981.671,,,
775,292290.6592,395000,10549208688,,,
776,163421.7038,162000,2021241.695,,,
777,226857.2268,221500,28699878.99,,,
778,137298.199,142500,27058733.64,,,
779,142451.4623,144000,2397969.008,,,
780,152214.9205,135000,296353487.8,,,
781,169274.1886,176000,45236538.99,,,
782,176032.4573,175900,17544.93632,,,
783,196553.9277,187100,89376748.96,,,
784,165611.7864,165500,12496.19922,,,
785,129790.1874,128000,3204770.927,,,
786,167146.1843,161500,31879397.15,,,
787,133684.1254,139000,28258522.76,,,
788,225692.9844,233000,53392476.98,,,
789,106889.0541,107900,1022011.613,,,
790,201111.5684,187500,185274794.3,,,
791,162180.7225,160200,3923261.622,,,
792,153410.4507,146800,43698058.46,,,
793,244297.9049,269790,649846912.6,,,
794,223997.919,225000,1004166.331,,,
795,205002.601,194500,110304627.8,,,
796,166991.0912,171000,16071349.77,,,
797,143645.3208,143500,21118.13491,,,
798,96489.53552,110000,182532650.5,,,
799,447435.4475,485000,1411095605,,,
800,165990.6926,175000,81167619.83,,,
801,199210.3804,200000,623499.1127,,,
802,128601.5495,109900,349747953.7,,,
803,192989.8532,189000,15918928.56,,,
804,456386.0793,582933,16014123139,,,
805,106026.563,118000,143363193.6,,,
806,214712.2195,227680,168163331.1,,,
807,128791.5284,135500,45003591.21,,,
808,190648.6627,223500,1079210362,,,
809,143429.1215,159950,272939426.4,,,
810,121358.0174,106000,235868698.5,,,
811,173120.1458,181000,62092102.21,,,
812,155089.1757,144500,112130642,,,
813,83220.63669,55993,741344199.7,,,
814,153433.2137,157900,19952179.85,,,
815,122612.813,116000,43729295.77,,,
816,198340.2464,224900,705420511.3,,,
817,130214.752,137000,46039590.42,,,
818,282425.6161,271000,130544703.3,,,
819,146315.5654,155000,75419404.32,,,
820,222913.9679,224000,1179465.722,,,
821,189106.8596,183000,37293734.17,,,
822,92064.65237,93000,874875.1889,,,
823,202304.9525,225000,515065181,,,
824,148323.6695,139500,77857143.45,,,
825,233063.3118,232600,214657.824,,,
826,370464.1773,385000,211290141.6,,,
827,98374.94575,109500,123766832.1,,,
828,195245.1111,189000,39001412.65,,,
829,193044.0541,185000,64706806.36,,,
830,146812.3777,147400,345299.9675,,,
831,174773.9265,166000,76981786.23,,,
832,142356.0215,151000,74718364.31,,,
833,234048.6332,237000,8710565.988,,,
834,161778.1835,167000,27267367.56,,,
835,136326.0968,139950,13132674.4,,,
836,130698.1857,128000,7280206.072,,,
837,142714.0862,153500,116335936.5,,,
838,92038.78852,100000,63380888.23,,,
839,152246.1579,144000,67999120.11,,,
840,129051.2527,130500,2098868.739,,,
841,132944.3232,140000,49782575.11,,,
842,149252.4336,157500,68022351.52,,,
843,168916.7124,174900,35799730.5,,,
844,114720.9634,141000,690587764.6,,,
845,150077.009,153900,14615260.19,,,
846,183326.4603,171000,151941623.5,,,
847,206583.3969,213000,41172795.34,,,
848,134157.8096,133500,432713.4699,,,
849,241951.5896,240000,3808701.967,,,
850,177484.1407,187000,90551578.22,,,
851,141769.702,131500,105466779.2,,,
852,203486.2927,215000,132565455.8,,,
853,172336.4206,164000,69495908.42,,,
854,175336.7149,158000,300561683.5,,,
855,177996.9226,170000,63950771.07,,,
856,143950.8312,127000,287330678.4,,,
857,151562.1093,147000,20812841.27,,,
858,162479.5685,174000,132720341.9,,,
859,146660.4935,152000,28510329.66,,,
860,245552.9712,250000,19776065.15,,,
861,167562.1133,189950,501217470.9,,,
862,136540.5569,131500,25407213.86,,,
863,144471.3822,152000,56680085.98,,,
864,133723.1902,132500,1496194.265,,,
865,216574.5724,250580,1156369106,,,
866,136482.9008,148500,144410673.2,,,
867,249917.0011,248900,1034291.237,,,
868,130797.0881,129000,3229525.639,,,
869,164029.8519,169000,24702372.14,,,
870,230329.1199,236000,32158881.11,,,
871,94375.34423,109500,228755212.2,,,
872,188084.2666,200500,154150435.9,,,
873,130727.7642,116000,216907038.3,,,
874,137345.0028,133000,18879049.33,,,
875,85599.68622,66500,364798013.7,,,
876,327105.931,303477,558326380.2,,,
877,145240.6875,132250,168757961.7,,,
878,343126.9979,350000,47238157.87,,,
879,146770.0787,148000,1512706.404,,,
880,141008.5949,136500,20327427.97,,,
881,158209.5531,157000,1463018.702,,,
882,209792.3318,187500,496948057.1,,,
883,177694.5185,178000,93318.94684,,,
884,127299.6629,118500,77434067.15,,,
885,108685.9067,100000,75444975.2,,,
886,260383.987,328900,4694444037,,,
887,150618.01,145000,31562036.36,,,
888,144697.3488,135500,84591224.95,,,
889,307658.8862,268000,1572827255,,,
890,164106.6875,149500,213355319.7,,,
891,117044.4031,122900,34288015.06,,,
892,166053.7636,172500,41553963.72,,,
893,148245.233,154500,39122110.22,,,
894,151385.1799,165000,185363326.4,,,
895,116404.735,118858,6018509.16,,,
896,162540.2687,140000,508063713.1,,,
897,94058.40262,106500,154793345.4,,,
898,136035.35,142953,47853881.52,,,
899,476573.0579,611657,18247671413,,,
900,135351.8334,135000,123786.7414,,,
901,111402.893,110000,1968108.769,,,
902,150490.9125,153000,6295520.083,,,
903,183234.833,180000,10464144.54,,,
904,247740.17,240000,59910231.63,,,
905,121635.5498,125500,14933975.35,,,
906,124222.2611,128000,14271311.2,,,
907,258955.554,255000,15646407.45,,,
908,236851.7883,250000,172875470.9,,,
909,130728.9285,131000,73479.75811,,,
910,188066.4145,174000,197864016.9,,,
911,156125.1685,154300,3331240.053,,,
912,162506.309,143500,361239781.8,,,
913,88927.21052,88000,859719.3484,,,
914,146128.8916,145000,1274396.245,,,
915,167548.7803,173733,38244573.3,,,
916,85094.42101,75000,101897335.5,,,
917,51984.96466,35311,278021097.5,,,
918,136146.6315,135000,1314763.797,,,
919,263645.2316,238000,657677903.8,,,
920,177006.2429,176500,256281.8738,,,
921,198195.2792,201000,7866458.766,,,
922,153574.2043,145900,58893411.64,,,
923,183211.4117,169990,174805727.3,,,
924,190385.6256,193000,6834953.503,,,
925,203850.2092,207500,13320972.88,,,
926,159937.4589,175000,226880144.4,,,
927,311912.5067,285000,724283016.9,,,
928,184226.0353,176000,67667656.76,,,
929,255398.0393,236500,357135889.4,,,
930,212943.1957,222000,82025704.13,,,
931,224397.9167,201000,547462505.9,,,
932,118653.8977,117500,1331479.902,,,
933,293380.5377,320000,708595773.1,,,
934,195431.3634,190000,29499708.38,,,
935,256837.5557,242000,220153059.2,,,
936,85254.82079,79900,28674105.69,,,
937,185051.0359,184900,22811.84309,,,
938,235739.6526,253000,297919592.4,,,
939,245148.9538,239799,28622005.66,,,
940,225177.0617,244400,369521356.9,,,
941,174969.861,150900,579358208.6,,,
942,222875.1809,214000,78768836.01,,,
943,132907.9349,150000,292138689.4,,,
944,143715.5085,143000,511952.4136,,,
945,156403.957,137500,357359590.3,,,
946,149026.3504,124900,582080783.6,,,
947,139129.5141,143000,14980661.1,,,
948,271313.2958,270000,1724745.858,,,
949,205532.8044,192500,169853990.5,,,
950,182380.6658,197500,228594266.7,,,
951,133963.182,129000,24633175.57,,,
952,112593.474,119900,53385322.19,,,
953,129446.0574,133900,19837604.68,,,
954,165400.264,172000,43556515.27,,,
955,121801.6444,127500,32471256.54,,,
956,147117.8823,145000,4485425.437,,,
957,124826.2177,124000,682635.6878,,,
958,130482.8178,132000,2301841.828,,,
959,194490.55,185000,90070539.3,,,
960,167938.7631,155000,167411590.6,,,
961,115307.1984,116500,1422775.657,,,
962,267477.453,272000,20453431.37,,,
963,159993.7226,155000,24937265.41,,,
964,258802.4665,239000,392137679.5,,,
965,216663.3849,214900,3109526.306,,,
966,176759.4158,178900,4582100.717,,,
967,143853.2774,160000,260716650.7,,,
968,138672.4498,135000,13486887.53,,,
969,60560.59591,37900,513502607,,,
970,129595.7296,140000,108248842.6,,,
971,91021.69903,135000,1934090956,,,
972,177713.6687,173000,22218672.61,,,
973,122301.4663,99500,519906865.4,,,
974,212998.3237,182000,960896072.2,,,
975,153108.0045,167500,207129534.5,,,
976,173435.6781,165000,71160665.01,,,
977,85239.12352,85500,68056.53782,,,
978,196588.9236,199900,10963226.93,,,
979,103207.6829,110000,46135571.59,,,
980,131639.2868,139000,54180098.81,,,
981,171934.091,178400,41807979.2,,,
982,317847.0554,336000,329529397.7,,,
983,172391.8152,159895,156170390.1,,,
984,253019.1326,255900,8299396.976,,,
985,131631.2553,126000,31711036.25,,,
986,120220.6454,125000,22842230.39,,,
987,123530.6247,117000,42649058.97,,,
988,379855.4739,395192,235209032.8,,,
989,196069.9105,195000,1144708.478,,,
990,196717.3158,197000,79910.35693,,,
991,296607.7361,348000,2641164789,,,
992,162008.1441,168000,35902337.13,,,
993,208665.6249,187000,469399302.3,,,
994,174937.3629,173900,1076121.786,,,
995,328456.3296,337500,81787974.3,,,
996,112357.9335,121600,85415793.19,,,
997,136966.8959,136500,217991.7814,,,
998,169491.7608,185000,240505483.1,,,
999,95531.71656,91000,20536454.98,,,
1000,188093.8692,206000,320629520.2,,,
1001,86260.47987,82000,18151688.72,,,
1002,85617.29144,86000,146465.8419,,,
1003,236903.1928,232000,24041299.63,,,
1004,146842.081,136905,98745578.8,,,
1005,188322.0703,181000,53612713.48,,,
1006,152004.8992,149900,4430600.642,,,
1007,164996.0593,163500,2238193.429,,,
1008,92551.49175,88000,20716077.15,,,
1009,245019.1546,240000,25191912.9,,,
1010,104691.0267,102000,7241624.7,,,
1011,131131.5623,135000,14964810.24,,,
1012,99826.17263,100000,30215.95456,,,
1013,164717.9171,165000,79570.76247,,,
1014,93025.68475,85000,64411615.71,,,
1015,116658.9626,119200,6456871.068,,,
1016,215550.6288,227000,131088100.9,,,
1017,224114.506,203000,445822363.6,,,
1018,181223.1491,187500,39398857.22,,,
1019,168840.5587,160000,78155478.13,,,
1020,198533.2926,213490,223703096.2,,,
1021,157016.2785,176000,360381682,,,
1022,193939.5807,194000,3650.491812,,,
1023,108862.0125,87000,477947590.6,,,
1024,189429.8768,191000,2465286.863,,,
1025,292732.4942,287000,32861489.75,,,
1026,120435.7368,112500,62975918.56,,,
1027,150655.0917,167500,283750935.6,,,
1028,298884.345,293077,33725255.95,,,
1029,120168.3324,105000,230078307.8,,,
1030,116934.63,118000,1135013.237,,,
1031,148235.6998,160000,138398759.2,,,
1032,231287.671,197000,1175644383,,,
1033,312310.7732,310000,5339672.782,,,
1034,233046.6048,230000,9281800.807,,,
1035,115211.0456,119750,20602107.05,,,
1036,80033.11097,84000,15736208.58,,,
1037,316682.8657,315500,1399171.264,,,
1038,261939.5288,287000,628027216.8,,,
1039,105449.4265,97000,71392808.18,,,
1040,81308.58243,80000,1712387.976,,,
1041,157932.9745,155000,8602339.418,,,
1042,168054.2659,173000,24460285.79,,,
1043,195796.0111,196000,41611.47132,,,
1044,243488.2226,262280,353130897.9,,,
1045,287906.3742,278000,98136249.79,,,
1046,166792.6753,139600,739441590,,,
1047,409807.6245,556581,21542423756,,,
1048,149535.1399,145000,20567493.91,,,
1049,128797.8328,115000,190380190,,,
1050,99399.49917,84900,210235476.2,,,
1051,184441.0464,176485,63298674.32,,,
1052,197268.8166,200141,8249437.483,,,
1053,172461.1128,165000,55668204.21,,,
1054,143848.2591,144500,424766.2007,,,
1055,261641.8302,255000,44113908.41,,,
1056,172984.9784,180000,49210528.05,,,
1057,211039.0531,185850,634488396.1,,,
1058,234865.8177,248000,172506744.7,,,
1059,339693.3974,335000,22027979.15,,,
1060,203239.7633,220000,280905534.2,,,
1061,192552.9058,213500,438780755.4,,,
1062,94272.07756,81000,176148042.8,,,
1063,111638.9018,90000,468242071.1,,,
1064,126448.5522,110500,254356317.3,,,
1065,148258.5018,154000,32964801.58,,,
1066,283433.4639,328000,1986176140,,,
1067,181123.1902,178000,9754317.025,,,
1068,186040.6102,167900,329081738.4,,,
1069,179717.5028,151400,801880964.8,,,
1070,134946.3576,135000,2877.507078,,,
1071,132914.1716,135000,4350680.114,,,
1072,152870.5472,154000,1275663.627,,,
1073,112548.5821,91500,443042808.4,,,
1074,145293.3037,159500,201830219.8,,,
1075,192054.4506,194000,3785162.468,,,
1076,185183.0602,219500,1177652357,,,
1077,158487.458,170000,132538623.3,,,
1078,130264.1388,138800,72860926.43,,,
1079,145516.0462,155900,107826496.5,,,
1080,135224.9145,126000,85099047.53,,,
1081,167182.1567,145000,492048075.9,,,
1082,123314.1991,133000,93814739.07,,,
1083,196693.1745,192000,22025886.89,,,
1084,151965.0115,160000,64561040.2,,,
1085,188636.4381,187500,1291491.555,,,
1086,159907.9422,147000,166614971.8,,,
1087,91711.31553,83500,67425702.73,,,
1088,264447.2628,252000,154934351.2,,,
1089,140877.9901,137500,11410817.12,,,
1090,205217.242,197000,67523066.09,,,
1091,93835.14795,92900,874501.6884,,,
1092,154898.3655,160000,26026674.57,,,
1093,161846.3603,136500,642437980.5,,,
1094,155486.3294,146000,89990445.49,,,
1095,129719.1487,129000,517174.8527,,,
1096,183236.7476,176432,46304589.9,,,
1097,129997.9944,127000,8987970.422,,,
1098,156869.4032,170000,172412572.3,,,
1099,113494.4034,128000,210412332.7,,,
1100,163225.3397,157000,38754854.38,,,
1101,63469.28929,60000,12035968.18,,,
1102,119741.2717,119500,58212.03322,,,
1103,130580.7334,135000,19529917.28,,,
1104,156687.5256,159500,7910012.251,,,
1105,114609.6288,106000,74125708.07,,,
1106,316338.5442,325000,75020816.58,,,
1107,193587.0222,179900,187334576.7,,,
1108,243350.2354,274725,984375853.7,,,
1109,172751.8146,181000,68032562.39,,,
1110,301408.9211,280000,458341902.7,,,
1111,188197.7092,188000,39088.92776,,,
1112,199378.8587,205000,31597229.51,,,
1113,120289.6057,129900,92359678.6,,,
1114,136489.1918,134500,3956884.017,,,
1115,117868.8331,117000,754870.9557,,,
1116,322903.7953,318000,24047208.34,,,
1117,198645.4175,184100,211569170.2,,,
1118,131306.4035,130000,1706690.105,,,
1119,131751.1332,140000,68043803.48,,,
1120,123826.2147,133700,97491636.15,,,
1121,115976.2391,118400,5874616.9,,,
1122,219374.7769,212900,41922735.9,,,
1123,101930.3499,112000,101397853.1,,,
1124,91917.97608,118000,680271971.8,,,
1125,171207.9631,163900,53406324.67,,,
1126,114150.0182,115000,722469.0603,,,
1127,199462.6777,174000,648347955.7,,,
1128,221507.7871,259000,1405666028,,,
1129,217933.4103,215000,8604895.988,,,
1130,134621.3798,140000,28929555.26,,,
1131,151369.97,135000,267975917.8,,,
1132,109885.1615,93500,268473517.4,,,
1133,140220.8958,117500,516239106,,,
1134,235019.4951,239500,20074924.16,,,
1135,182054.3794,169000,170416821.5,,,
1136,96394.28158,102000,31424079,,,
1137,119907.9433,119000,824361.036,,,
1138,90552.79768,94000,11883203.84,,,
1139,210802.246,196000,219106486.6,,,
1140,115682.2999,144000,801892139,,,
1141,126861.332,139000,147347260.8,,,
1142,194872.9546,197500,6901367.534,,,
1143,405851.8967,424870,361688253.1,,,
1144,109631.0922,80000,878001625,,,
1145,77488.85685,80000,6305839.92,,,
1146,124951.3474,149000,578337691.9,,,
1147,189007.2313,180000,81130215.69,,,
1148,168929.457,174500,31030949.31,,,
1149,116448.0703,116900,204240.4537,,,
1150,136780.8649,143000,38677641.39,,,
1151,121096.8624,124000,8428207.925,,,
1152,165784.2828,149900,252310440.1,,,
1153,211672.9051,230000,335882407.5,,,
1154,125812.8783,120500,28226675.83,,,
1155,221904.5366,201800,404192391.9,,,
1156,239593.2058,218000,466266536.7,,,
1157,182277.5087,179900,5652547.619,,,
1158,210885.7659,230000,365353945.2,,,
1159,223700.6928,235128,130583349.8,,,
1160,199914.6502,185000,222446790.6,,,
1161,142970.0371,146000,9180675.175,,,
1162,218378.3849,224000,31602556.33,,,
1163,116792.8263,129000,149015089.7,,,
1164,118361.5747,108959,88408410.99,,,
1165,188066.1921,194000,35210076.19,,,
1166,217616.2102,233170,241920377.1,,,
1167,244980.0505,245350,136862.6326,,,
1168,191692.6577,173000,349415451.9,,,
1169,213282.0037,235000,471671363.3,,,
1170,501698.6736,625000,15203217092,,,
1171,137231.7223,171000,1140296579,,,
1172,165956.1835,163000,8739020.886,,,
1173,163381.1922,171900,72570086.33,,,
1174,195758.0443,200500,22486143.86,,,
1175,226954.0457,239000,145105015,,,
1176,295059.212,285000,101187746.1,,,
1177,128143.5262,119500,74710545.17,,,
1178,114961.785,115000,1460.386225,,,
1179,138221.2819,154900,278179637.5,,,
1180,94303.09087,93000,1698045.815,,,
1181,221412.7246,250000,817232314.8,,,
1182,316610.6936,392500,5759186826,,,
1183,492501.9131,745000,63755283888,,,
1184,136998.7712,120000,288958222.3,,,
1185,201330.5504,186700,214053005,,,
1186,124910.4017,104900,400416176.2,,,
1187,107676.206,95000,160686198.6,,,
1188,254459.2907,262000,56862296.75,,,
1189,188970.4319,195000,36355691.47,,,
1190,191037.3248,189000,4150692.341,,,
1191,196009.2033,168000,784515469.5,,,
1192,176310.6383,174000,5339049.353,,,
1193,123426.5268,125000,2475817.911,,,
1194,165099.0707,165000,9815.003598,,,
1195,146042.5997,158000,142979421.9,,,
1196,170149.5461,176000,34227810.84,,,
1197,231374.6859,219210,147979583,,,
1198,145674.9966,144000,2805613.61,,,
1199,178624.0939,178000,389493.196,,,
1200,137677.9305,148000,106545118.8,,,
1201,99950.12123,116050,259206096.4,,,
1202,195709.4907,197900,4798330.993,,,
1203,127828.9088,117000,117265265.8,,,
1204,205826.6731,213000,51456618.81,,,
1205,149010.8221,153500,20152718.22,,,
1206,283162.7927,271900,126850499.4,,,
1207,121776.3707,107000,218341131.1,,,
1208,202363.9762,200000,5588383.474,,,
1209,146397.5981,140000,40929261.45,,,
1210,284879.1836,290000,26222760.6,,,
1211,200569.4225,189000,133851537,,,
1212,199348.0488,164000,1249484554,,,
1213,89627.88349,113000,546255830.2,,,
1214,125346.2536,145000,386269747.6,,,
1215,131538.7554,134500,8768969.581,,,
1216,114010.381,125000,120771725.8,,,
1217,126826.5395,112000,219826273.5,,,
1218,234394.4636,229456,24388422.73,,,
1219,65946.46079,80500,211805503.5,,,
1220,92922.18761,91500,2022617.598,,,
1221,110286.6817,115000,22215369.4,,,
1222,128967.2631,134000,25328440.7,,,
1223,153664.649,143000,113734738.3,,,
1224,140563.1838,137900,7092547.953,,,
1225,198288.6648,184000,204165941.8,,,
1226,144805.8799,145000,37682.61322,,,
1227,234247.7541,214000,409971546.1,,,
1228,147435.9222,147000,190028.1645,,,
1229,344582.391,367294,515817183.4,,,
1230,129510.4918,127000,6302569.078,,,
1231,200538.9151,190000,111068731.5,,,
1232,143501.1585,132500,121025488.3,,,
1233,98786.12908,101800,9083417.922,,,
1234,137566.2859,142000,19657820.72,,,
1235,117153.7814,130000,165025332.3,,,
1236,139130.9427,138887,59508.04088,,,
1237,171731.1284,175500,14204393.14,,,
1238,215289.2237,195000,411652598.3,,,
1239,141121.8528,142500,1899289.705,,,
1240,242301.156,265900,556905438.1,,,
1241,208330.8647,224900,274536244.6,,,
1242,241817.9113,248328,42381254.88,,,
1243,174293.8682,170000,18437304.12,,,
1244,396485.1458,465000,4694285246,,,
1245,197136.5142,230000,1080008699,,,
1246,195624.1154,178000,310609443.6,,,
1247,193537.3891,186500,49524845.34,,,
1248,151856.141,169900,325580847.6,,,
1249,132587.1985,129500,9530794.578,,,
1250,121627.3831,119000,6903141.954,,,
1251,268531.5335,244000,601796135.9,,,
1252,194441.0812,171750,514885166,,,
1253,115227.1771,130000,218236296.4,,,
1254,291271.0414,294000,7447215.041,,,
1255,180499.6329,165400,227998913.7,,,
1256,123432.4097,127500,16545290.85,,,
1257,297398.0923,301500,16825646.78,,,
1258,94495.17976,99900,29212081.83,,,
1259,192197.588,190000,4829393.018,,,
1260,155569.2569,151000,20878108.62,,,
1261,176936.6715,181000,16510638.5,,,
1262,126235.7856,128900,7098038.369,,,
1263,147999.7978,161500,182255459.4,,,
1264,166890.0648,180500,185230336.1,,,
1265,164601.138,181000,268922674.9,,,
1266,183053.6532,183900,716302.9059,,,
1267,117379.9611,122000,21344759.44,,,
1268,333752.7546,378500,2002315971,,,
1269,356246.1258,381000,612754287.9,,,
1270,133923.2073,144000,101541751.1,,,
1271,236312.0519,260000,561118885.2,,,
1272,173058.0751,185750,161084957.7,,,
1273,135523.8274,137000,2179085.545,,,
1274,178390.7268,177000,1934121.032,,,
1275,145753.2629,139000,45606559.8,,,
1276,131402.4869,137000,31332152.9,,,
1277,167682.2014,162000,32287412.75,,,
1278,201924.4606,197900,16196283.12,,,
1279,249131.2014,237000,147166047.4,,,
1280,78168.1412,68400,95416582.5,,,
1281,210079.8888,227000,286290163,,,
1282,201585.4596,180000,465932066.1,,,
1283,161892.6159,150500,129791697,,,
1284,136864.3809,139000,4560868.94,,,
1285,183610.2674,169000,213459913.5,,,
1286,122318.2935,132500,103667147.3,,,
1287,157510.4308,143000,210552602,,,
1288,180487.9852,190000,90478425.56,,,
1289,252715.7442,278000,639293591.4,,,
1290,286286.2321,281000,27944249.82,,,
1291,167012.4183,180500,181914860.1,,,
1292,120061.8025,119500,315622.049,,,
1293,113418.8964,107500,35033334.59,,,
1294,182494.5711,162900,383947216.6,,,
1295,121650.6858,115000,44231621.61,,,
1296,129433.3827,138500,82203549.26,,,
1297,150675.9531,155000,18697381.59,,,
1298,147017.935,140000,49251411.66,,,
1299,428639.7382,160000,72167308940,,,
1300,156362.1916,154000,5579949.155,,,
1301,240137.0211,225000,229129407.8,,,
1302,165000.4865,177500,156237837.7,,,
1303,303583.9191,290000,184522858.1,,,
1304,225377.255,232000,43860751.34,,,
1305,146169.6122,130000,261456358.7,,,
1306,323353.0023,325000,2712601.424,,,
1307,197008.1855,202500,30160026.5,,,
1308,145466.2048,138000,55744214.12,,,
1309,145359.8508,147000,2690089.398,,,
1310,174626.7749,179200,20914387.82,,,
1311,296563.5365,335000,1477361726,,,
1312,200594.7785,203000,5785090.464,,,
1313,336062.1733,302000,1160231650,,,
1314,298348.6695,333168,1212385776,,,
1315,121333.8587,119000,5446896.432,,,
1316,201094.024,206900,33709357.31,,,
1317,289629.3156,295493,34382794.74,,,
1318,203548.712,208900,28636283.26,,,
1319,287023.3267,275000,144560384.9,,,
1320,108913.9179,111000,4351738.528,,,
1321,171916.8812,156500,237680225.9,,,
1322,67466.86164,72500,25332481.75,,,
1323,218422.2644,190000,807825113.6,,,
1324,84518.47654,82500,4074247.543,,,
1325,251805.4667,147000,10984185850,,,
1326,64532.37716,55000,90866214.32,,,
1327,97929.11304,79000,358311320.5,,,
1328,131655.7483,130500,1335754.133,,,
1329,210107.2544,256000,2106144099,,,
1330,184530.1359,176500,64483082.57,,,
1331,248228.4217,227000,450645887.9,,,
1332,134248.4171,132500,3056962.356,,,
1333,106742.1469,100000,45456544.82,,,
1334,133016.6699,125500,56500326.39,,,
1335,119603.4144,125000,29123136.14,,,
1336,163709.5402,167900,17559953.34,,,
1337,141404.7096,135000,41020305.06,,,
1338,55912.464,52500,11644910.55,,,
1339,221358.838,200000,456199960.7,,,
1340,129263.1047,128500,582328.7832,,,
1341,118851.2959,123000,17211745.71,,,
1342,159604.9575,155000,21205633.58,,,
1343,250448.3099,228500,481728307.5,,,
1344,157846.1535,177000,366869835.7,,,
1345,185479.7817,155835,878813082,,,
1346,101767.97,108500,45320227.92,,,
1347,260107.0943,262500,5725997.689,,,
1348,291613.4103,283463,66429188.06,,,
1349,222437.8954,215000,55322287.98,,,
1350,124356.1197,122000,5551300.041,,,
1351,196408.4753,200000,12899049.67,,,
1352,174162.2918,171000,10000089.43,,,
1353,119301.8248,134900,243303069.6,,,
1354,380943.0166,410000,844308284.3,,,
1355,239622.5998,235000,21368428.91,,,
1356,188806.0531,170000,353667633.2,,,
1357,111045.4118,110000,1092885.832,,,
1358,166665.8681,149900,281094333.1,,,
1359,172583.7357,177500,24169654.67,,,
1360,348986.5545,315000,1155085887,,,
1361,182242.2519,189000,45667159.38,,,
1362,242800.9246,260000,295808194.6,,,
1363,124781.6468,104900,395279879.5,,,
1364,171268.2192,156932,205527181,,,
1365,140217.9274,144152,15476927.22,,,
1366,210897.8327,216000,26032111.16,,,
1367,196104.9642,193000,9640802.683,,,
1368,142097.6625,127000,227939413,,,
1369,142893.3925,144000,1224580.159,,,
1370,246077.3324,232000,198171287.5,,,
1371,112804.1897,105000,60905376.87,,,
1372,176761.4223,165500,126819632.2,,,
1373,242276.3013,274300,1025517278,,,
1374,415357.833,466500,2615521245,,,
1375,252885.3456,250000,8325219.231,,,
1376,251513.1957,239000,156580066.6,,,
1377,89303.32669,91000,2878700.321,,,
1378,128664.8602,117000,136068963.5,,,
1379,87056.638,83000,16456311.86,,,
1380,159690.502,167500,60988259.01,,,
1381,73166.92715,58500,215118752,,,
1382,224964.999,237500,157126250.1,,,
1383,158567.031,157000,2455586.155,,,
1384,154454.4322,112000,1802378813,,,
1385,111678.6098,105000,44603828.86,,,
1386,127239.6406,125500,3026349.417,,,
1387,259962.7618,250000,99256622.68,,,
1388,146334.243,136000,106796578.4,,,
1389,356757.9246,377500,430233691.9,,,
1390,130208.181,131000,626977.3288,,,
1391,223433.5921,235000,133781791.7,,,
1392,131550.1074,124000,57004121.75,,,
1393,121266.2737,123000,3005806.883,,,
1394,158557.1492,163000,19738923.23,,,
1395,226857.2369,246578,388908497.2,,,
1396,298170.0786,281213,287542514.6,,,
1397,159842.6758,160000,24750.90391,,,
1398,128679.313,137500,77804519.15,,,
1399,139197.1361,138000,1433134.842,,,
1400,156173.7795,137450,350579918.8,,,
1401,117869.4056,120000,4539432.497,,,
1402,193396.3383,193000,157084.048,,,
1403,192576.5078,193879,1696485.931,,,
1404,266023.0487,282922,285574555,,,
1405,112119.8953,105000,50692909.08,,,
1406,284171.5554,275000,84117428.46,,,
1407,140833.1899,133000,61358864.01,,,
1408,109766.2495,112000,4989641.296,,,
1409,124051.4327,125500,2098347.223,,,
1410,215277.7005,215000,77117.5677,,,
1411,216219.347,230000,189906397.1,,,
1412,142962.8266,140000,8778341.462,,,
1413,88179.87487,90000,3312855.489,,,
1414,249049.2089,257000,63215079.12,,,
1415,187724.3269,207000,371551573.5,,,
1416,211796.3744,175900,1288549695,,,
1417,135851.5244,122500,178263203.8,,,
1418,309226.4852,340000,947009213.1,,,
1419,128348.8619,124000,18912599.83,,,
1420,218159.3979,223000,23431428.69,,,
1421,167070.4499,179900,164597355.8,,,
1422,143723.1739,127500,263191371.4,,,
1423,140934.9952,136500,19669182.42,,,
1424,227685.5327,274970,2235820848,,,
1425,137484.9169,144000,42446307.8,,,
1426,149225.7032,142000,52210786.73,,,
1427,249283.6699,271000,471598993,,,
1428,137659.5975,140000,5477483.862,,,
1429,111677.0915,119000,53624988.9,,,
1430,196253.1494,182900,178306598.9,,,
1431,186951.9432,192140,26915933.36,,,
1432,136298.8903,143750,55519035.76,,,
1433,98346.82499,64500,1145607562,,,
1434,192504.305,186500,36051678.53,,,
1435,159070.4147,160000,864128.83,,,
1436,160743.337,174000,175739113.9,,,
1437,114635.1752,120500,34396169.93,,,
1438,367617.4261,394617,728976990.8,,,
1439,144607.579,149700,25932751.64,,,
1440,187164.8056,197000,96731048.89,,,
1441,206935.4047,191000,253937123,,,
1442,146959.0229,149300,5480173.783,,,
1443,329606.8719,310000,384429425.7,,,
1444,100814.3414,121000,407460813.1,,,
1445,188778.0268,179600,84236175.94,,,
1446,126116.3704,129000,8315319.67,,,
1447,152469.6531,157900,29488667.45,,,
1448,257704.1109,240000,313435542.8,,,
1449,104512.8208,112000,56057852.37,,,
1450,86906.32384,92000,25945536.82,,,
1451,127883.8923,136000,65871204.2,,,
1452,265742.9966,287090,455694554.2,,,
1453,136849.3186,145000,66433607.28,,,
1454,121599.3224,84500,1376359723,,,
1455,188629.0493,185000,13169998.82,,,
1456,179172.7778,175000,17412074.57,,,
1457,201215.8364,210000,77161530.15,,,
1458,246215.3904,266500,411465386.6,,,
1459,140736.6866,142125,1927414.097,,,
1460,154006.4186,147500,42333483,,,
